Workbook

Sheet Contents
A1: India inflation: CPI, WPI and the GDP deflator. Constructed datasets and model results
A2: Research question: How closely are CPI and WPI inflation associated with GDP-deflator inflation in India?
A4: Sheet | B4: What it contains
A5: Data | B5: The 47-quarter dataset: CPI, WPI and deflator YoY inflation, the CPI-deflator gap, lagged WPI and period flags
A6: Gap_Summary | B6: Summary statistics of the gap and correlations (live formulas on Data)
A7: Best_Models | B7: Selected models M2, M3 and C4 with OLS and HAC standard errors, fit, diagnostics and forecast error
A8: Models_M1_to_M8 | B8: Original eight models replicated from the repository
A9: Candidate_Models | B9: Seven candidate specifications compared on fit and out-of-sample error
A10: Episode_Sensitivity | B10: R-squared and WPI slope with and without the 2021-23 shock, and other sample splits
A11: Chow_Tests | B11: Structural break tests at 2016-17 Q1 and 2020-21 Q1
A12: Relative_Importance | B12: LMG split of explained variance between CPI and WPI, with bootstrap intervals
A13: Unit_Roots_Cointegration | B13: ADF, KPSS, Johansen and Engle-Granger results
A14: VAR_Granger / VAR_FEVD / VAR_Data | B14: VAR(3) Granger tests by lag length, variance decompositions and the input series
A15: Rolling_Correlation / Lead_Lag | B15: Rolling 20-quarter correlations and lead-lag cross-correlations
A16: GDP_Levels | B16: Quarterly real and nominal GDP and price indices behind the deflator
A18: Notes
A19: Sample: 47 quarters, 2013-14 Q4 to 2025-26 Q2 (fiscal years, April to March). Assumed to be the 2011-12 base national accounts series.
A20: All inflation rates are year-on-year, in per cent. pp = percentage points. HAC = Newey-West standard errors.
A21: The results show association, not causation. The deflator is a residual of nominal and real GDP and in the old series used a common WPI-based deflator.
A22: Caution: the 2018-19 Q4 deflator (about -0.94%) looks implausible and is the most influential observation.

Sheet Data
A1: Quarterly year-on-year inflation, % (47 quarters, 2013-14 Q4 to 2025-26 Q2)
A2: Blue = input values taken from the 'Regression Data' sheet of CPI_REGRESSON.xlsx (converted from decimals to %). Black = formulas.
A4: Period | B4: CPI inflation (% YoY) | C4: WPI inflation (% YoY) | D4: Deflator inflation (% YoY) | E4: Gap: CPI minus deflator (pp) | F4: WPI inflation, lagged 1 quarter | G4: 2021-23 shock quarter (1/0) | H4: 2020-21 onward (1/0)
A5: 2013-14 Q4 | B5: 8.2435 | C5: 5.076923 | D5: 6.60978 | E5: =B5-D5 -> 1.63372 | G5: 0 | H5: 0
A6: 2014-15 Q1 | B6: 7.849829 | C6: 5.132906 | D6: 5.166466 | E6: =B6-D6 -> 2.683363 | F6: =C5 -> 5.076923 | G6: 0 | H6: 0
A7: 2014-15 Q2 | B7: 6.674577 | C7: 3.516548 | D7: 4.58795 | E7: =B7-D7 -> 2.086627 | F7: =C6 -> 5.132906 | G7: 0 | H7: 0
A8: 2014-15 Q3 | B8: 4.050926 | C8: -0.146071 | D8: 2.935924 | E8: =B8-D8 -> 1.115002 | F8: =C7 -> 3.516548 | G8: 0 | H8: 0
A9: 2014-15 Q4 | B9: 5.272408 | C9: -3.279649 | D9: 1.101117 | E9: =B9-D9 -> 4.171291 | F9: =C8 -> -0.146071 | G9: 0 | H9: 0
A10: 2015-16 Q1 | B10: 5.09206 | C10: -3.109561 | D10: 3.440207 | E10: =B10-D10 -> 1.651853 | F10: =C9 -> -3.279649 | G10: 0 | H10: 0
A11: 2015-16 Q2 | B11: 3.948832 | C11: -5.509563 | D11: 1.714025 | E11: =B11-D11 -> 2.234807 | F11: =C10 -> -3.109561 | G11: 0 | H11: 0
A12: 2015-16 Q3 | B12: 5.339266 | C12: -3.627853 | D12: 1.830124 | E12: =B12-D12 -> 3.509142 | F12: =C11 -> -5.509563 | G12: 0 | H12: 0
A13: 2015-16 Q4 | B13: 5.258765 | C13: -2.270663 | D13: 2.209317 | E13: =B13-D13 -> 3.049448 | F13: =C12 -> -3.627853 | G13: 0 | H13: 0
A14: 2016-17 Q1 | B14: 5.666575 | C14: -0.689862 | D14: 3.253776 | E14: =B14-D14 -> 2.412799 | F14: =C13 -> -2.270663 | G14: 0 | H14: 0
A15: 2016-17 Q2 | B15: 5.163189 | C15: 1.02719 | D15: 2.003183 | E15: =B15-D15 -> 3.160006 | F15: =C14 -> -0.689862 | G15: 0 | H15: 0
A16: 2016-17 Q3 | B16: 3.74868 | C16: 1.730419 | D16: 2.655415 | E16: =B16-D16 -> 1.093265 | F16: =C15 -> 1.02719 | G16: 0 | H16: 0
A17: 2016-17 Q4 | B17: 3.568596 | C17: 4.956629 | D17: 4.951695 | E17: =B17-D17 -> -1.383099 | F17: =C16 -> 1.730419 | G17: 0 | H17: 0
... A51: 2025-26 Q2 | B51: 1.706308 | C51: 0.043066 | D51: 0.466487 | E51: =B51-D51 -> 1.239821 | F51: =C50 -> 0.260643 | G51: 0 | H51: 1

Sheet Gap_Summary
A1: How large and how variable is the CPI-deflator gap?
A2: All cells are formulas on the Data sheet (percentage points unless stated).
A4: Statistic | B4: Value
A5: Mean gap | B5: =AVERAGE(Data!$E$5:$E$51) -> 1.0595364
A6: Median gap | B6: =MEDIAN(Data!$E$5:$E$51) -> 1.712279
A7: Standard deviation | B7: =STDEV(Data!$E$5:$E$51) -> 2.4041687
A8: Minimum | B8: =MIN(Data!$E$5:$E$51) -> -3.493026
A9: Maximum | B9: =MAX(Data!$E$5:$E$51) -> 4.31964
A10: Share of quarters with CPI above deflator | B10: =COUNTIF(Data!$E$5:$E$51,">0")/COUNT(Data!$E$5:$E$51) -> 0.68085106
A11: Quarters with gap of 2 pp or more | B11: =COUNTIF(Data!$E$5:$E$51,">=2") -> 20
A12: Mean gap before 2020-21 | B12: =AVERAGEIFS(Data!$E$5:$E$51,Data!$H$5:$H$51,0) -> 1.3165721
A13: Mean gap 2020-21 onward | B13: =AVERAGEIFS(Data!$E$5:$E$51,Data!$H$5:$H$51,1) -> 0.76745045
A14: Mean gap in the 2021-23 shock quarters | B14: =AVERAGEIFS(Data!$E$5:$E$51,Data!$G$5:$G$51,1) -> -2.010984
A15: Mean gap, last four quarters | B15: =AVERAGE(Data!$E$48:$E$51) -> 1.3851045
A16: Correlation of gap with WPI inflation | B16: =CORREL(Data!$E$5:$E$51,Data!$C$5:$C$51) -> -0.73290273
A17: Correlation of CPI with WPI inflation | B17: =CORREL(Data!$B$5:$B$51,Data!$C$5:$C$51) -> 0.25207675
A18: Correlation of deflator with WPI inflation | B18: =CORREL(Data!$D$5:$D$51,Data!$C$5:$C$51) -> 0.83861772
A19: Correlation of deflator with CPI inflation | B19: =CORREL(Data!$D$5:$D$51,Data!$B$5:$B$51) -> 0.39548974

Sheet Best_Models
A1: Selected models: deflator inflation regressed on CPI and WPI inflation
A2: Dependent variable: GDP-deflator inflation (% YoY). OLS coefficients; HAC = Newey-West standard errors with 4 lags.
A4: Model | B4: Variable | C4: Coefficient | D4: OLS std. error | E4: OLS p-value | F4: HAC std. error | G4: HAC p-value
A5: M2 Deflator = a + b*WPI | B5: Constant | C5: 2.6105357 | D5: 0.24218081 | E5: 4.7042271e-14 | F5: 0.31644723 | G5: 1.4980512e-10
A6: M2 Deflator = a + b*WPI | B6: WPI inflation | C6: 0.44335886 | D6: 0.04292979 | E6: 1.87652e-13 | F6: 0.035379904 | G6: 2.8196183e-16
A7: M3 Deflator = a + b*CPI + c*WPI | B7: Constant | C7: 1.037495 | D7: 0.6764019 | E7: 0.13222782 | F7: 0.78736915 | G7: 0.19443315
A8: M3 Deflator = a + b*CPI + c*WPI | B8: CPI inflation | C8: 0.33068938 | D8: 0.13376052 | E8: 0.017364281 | F8: 0.13500465 | G8: 0.018357577
A9: M3 Deflator = a + b*CPI + c*WPI | B9: WPI inflation | C9: 0.41716044 | D9: 0.042038778 | E9: 8.4691844e-13 | F9: 0.033382502 | G9: 4.5155336e-16
A10: C4 Deflator = a + b*CPI + c*WPI + d*WPI(-1) [recommended] | B10: Constant | C10: 1.3084404 | D10: 0.67776798 | E10: 0.060313153 | F10: 0.78139233 | G10: 0.1014645
A11: C4 Deflator = a + b*CPI + c*WPI + d*WPI(-1) [recommended] | B11: CPI inflation | C11: 0.29020098 | D11: 0.13541049 | E11: 0.037941815 | F11: 0.13403809 | G11: 0.036112828
A12: C4 Deflator = a + b*CPI + c*WPI + d*WPI(-1) [recommended] | B12: WPI inflation | C12: 0.57676285 | D12: 0.079858184 | E12: 7.0015098e-09 | F12: 0.058522966 | G12: 1.7304547e-12
A13: C4 Deflator = a + b*CPI + c*WPI + d*WPI(-1) [recommended] | B13: WPI inflation, lagged 1 quarter | C13: -0.18256574 | D13: 0.079019338 | E13: 0.02584889 | F13: 0.048577508 | G13: 0.00052204744
A15: Fit and residual diagnostics
A16: Model | B16: n | C16: R-squared | D16: Adj. R-squared | E16: AIC (common n=46) | F16: BIC (common n=46) | G16: Durbin-Watson | H16: Breusch-Godfrey(4) p
A17: M2 | B17: 47 | C17: 0.70327966 | D17: 0.69668588 | E17: 163.42702 | F17: 167.08431 | G17: 1.4018315 | H17: 0.3155456
A18: M3 | B18: 47 | C18: 0.73946978 | D18: 0.7276275 | E18: 160.73252 | F18: 166.21845 | G18: 1.6150624 | H18: 0.64363683
A19: C4 | B19: 46 | C19: 0.76491244 | D19: 0.74812047 | E19: 157.22899 | F19: 164.54356 | G19: 1.8864133 | H19: 0.98142438
A21: Out-of-sample forecast error (expanding window, one step ahead from 2018-19 Q1, 46 quarters, pp RMSE)
A22: Model | B22: OOS RMSE (pp)
A23: M2 (= C2) | B23: 1.62782
A24: M3 (= C3) | B24: 1.57606
A25: C4 | B25: 1.50672
A27: Reading guide:
A28: M2 is the simplest summary: one point of WPI inflation goes with about 0.44 points of deflator inflation (R-squared 0.70).
A29: M3 is the original two-variable model. CPI adds about 3.6 points of R-squared once WPI is included.
A30: C4 is the recommended specification: best BIC among the candidates without a dummy, clean residuals, and the lowest forecast error (shared with the C6 AR(1) variant).
A31: The forecast gain from C4 over M3 is about 4% (1.58 to 1.51 pp) and was not tested for significance.
A32: The long-run WPI effect in C4 is 0.577 - 0.183 = 0.394, close to M2's 0.44.

Sheet Models_M1_to_M8
A1: Original model set replicated from the repository
A2: R-squared reproduces the README values: 0.156, 0.703, 0.740, 0.715.
A4: Model | B4: R2 | C4: adj_R2 | D4: DW | E4: BG4_p | F4: BP_p | G4: RESET_p | H4: JB_p | I4: n
A5: M1 CPI only | B5: 0.156412 | C5: 0.137666 | D5: 0.714224 | E5: 0.000317487 | F5: 0.474569 | G5: 0.726271 | H5: 0.0967177 | I5: 47
A6: M2 WPI only | B6: 0.70328 | C6: 0.696686 | D6: 1.40183 | E6: 0.315546 | F6: 0.706356 | G6: 0.179874 | H6: 0.000615896 | I6: 47
A7: M3 CPI + WPI | B7: 0.73947 | C7: 0.727627 | D7: 1.61506 | E7: 0.643637 | F7: 0.122013 | G7: 0.487347 | H7: 0.0868342 | I7: 47
A8: M4 CPI + CPI(-1) | B8: 0.139488 | C8: 0.0994641 | D8: 0.694694 | E8: 0.000284153 | F8: 0.384886 | G8: 0.859298 | H8: 0.0769804 | I8: 46
A9: M5 CPI lags 0-2 | B9: 0.138314 | C9: 0.0752636 | D9: 0.691007 | E9: 0.000276955 | F9: 0.476803 | G9: 0.629253 | H9: 0.0794332 | I9: 45
A10: M6 WPI + WPI(-1) | B10: 0.739204 | C10: 0.727074 | D10: 1.62089 | E10: 0.686021 | F10: 0.728235 | G10: 0.112248 | H10: 0.0021573 | I10: 46
A11: M7 WPI lags 0-2 | B11: 0.744537 | C11: 0.725845 | D11: 1.59139 | E11: 0.578254 | F11: 0.924057 | G11: 0.0839372 | H11: 0.00234466 | I11: 45
A12: M8 WPI + WPI^2 | B12: 0.715297 | C12: 0.702356 | D12: 1.48968 | E12: 0.448312 | F12: 0.259853 | G12: 0.131816 | H12: 0.00199397 | I12: 47
A14: Coefficients
A15: Model | B15: Variable | C15: Coefficient | D15: Std. error | E15: p-value
A16: M1 CPI only | B16: const | C16: 0.611821 | D16: 1.20112 | E16: 0.612978
A17: M1 CPI only | B17: cpi | C17: 0.66528 | D17: 0.230318 | E17: 0.00593234
A18: M2 WPI only | B18: const | C18: 2.61054 | D18: 0.242181 | E18: 4.70423e-14
A19: M2 WPI only | B19: wpi | C19: 0.443359 | D19: 0.0429298 | E19: 1.87652e-13
A20: M3 CPI + WPI | B20: const | C20: 1.03749 | D20: 0.676402 | E20: 0.132228
A21: M3 CPI + WPI | B21: cpi | C21: 0.330689 | D21: 0.133761 | E21: 0.0173643
A22: M3 CPI + WPI | B22: wpi | C22: 0.41716 | D22: 0.0420388 | E22: 8.46918e-13
A23: M4 CPI + CPI(-1) | B23: const | C23: 0.479664 | D23: 1.37926 | E23: 0.72971
A24: M4 CPI + CPI(-1) | B24: cpi | C24: 0.542851 | D24: 0.36448 | E24: 0.143685
A25: M4 CPI + CPI(-1) | B25: cpi_l1 | C25: 0.142882 | D25: 0.36495 | E25: 0.697352
A26: M5 CPI lags 0-2 | B26: const | C26: 0.505256 | D26: 1.5952 | E26: 0.753051
A27: M5 CPI lags 0-2 | B27: cpi | C27: 0.542458 | D27: 0.376703 | E27: 0.157456
... A39: M8 WPI + WPI^2 | B39: wpi2 | C39: 0.00904754 | D39: 0.00663884 | E39: 0.179874

Sheet Candidate_Models
A1: Candidate specifications compared on a common sample (n = 46)
A2: OOS = expanding-window one-step-ahead forecast error from 2018-19 Q1, percentage points.
A4: model | B4: Adj. R-squared | C4: AIC | D4: BIC | E4: Durbin-Watson | F4: BG(4) p | G4: OOS RMSE | H4: OOS RMSE excl. 2018-19 Q4
A5: C1 CPI only (original M1) | B5: 0.116794 | C5: 213.081 | D5: 216.738 | E5: 0.708314 | F5: 0.000373671 | G5: 2.84138 | H5: 2.74377
A6: C2 WPI only (original M2) | B6: 0.699897 | C6: 163.427 | D6: 167.084 | E6: 1.42893 | F6: 0.305657 | G6: 1.62782 | H6: 1.34639
A7: C3 CPI + WPI (original M3) | B7: 0.72271 | C7: 160.733 | D7: 166.218 | E7: 1.59841 | F7: 0.603066 | G7: 1.57606 | H7: 1.26506
A8: C4 CPI + WPI + WPI(-1) | B8: 0.74812 | C8: 157.229 | D8: 164.544 | E8: 1.88641 | F8: 0.981424 | G8: 1.50672 | H8: 1.18851
A9: C5 ADL: defl(-1) + CPI + WPI | B9: 0.716426 | C9: 162.681 | D9: 169.996 | E9: 1.5567 | F9: 0.33669 | G9: 1.62767 | H9: 1.35192
A10: C6 ADL: defl(-1) + CPI, WPI + lags | B10: 0.761351 | C10: 156.503 | D10: 167.474 | E10: 2.02439 | F10: 0.846699 | G10: 1.50716 | H10: 1.18908
A11: C7 original M3 + dummy 2018-19 Q4 | B11: 0.782222 | C11: 150.537 | D11: 157.852 | E11: 1.22874 | F11: 0.130493 | G11: 1.64038 | H11: 1.34699

Sheet Episode_Sensitivity
A1: How much of the fit depends on which quarters are included?
A2: The WPI slope is stable (0.37 to 0.47); R-squared is not.
A4: sample | B4: n | C4: R2_CPI | D4: R2_WPI | E4: R2_both | F4: WPI_slope | G4: corr_WPI | H4: corr_CPI
A5: Full sample | B5: 47 | C5: 0.156412 | D5: 0.70328 | E5: 0.73947 | F5: 0.443359 | G5: 0.838618 | H5: 0.39549
A6: Excluding 2021-22 Q1 to 2022-23 Q3 | B6: 40 | C6: 0.0816178 | D6: 0.373627 | E6: 0.458191 | F6: 0.41646 | G6: 0.611251 | H6: 0.285688
A7: Pre-2020-21 | B7: 25 | C7: 0.0754802 | D7: 0.365023 | E7: 0.438521 | F7: 0.371002 | G7: 0.604171 | H7: 0.274737
A8: 2020-21 onward | B8: 22 | C8: 0.213369 | D8: 0.835479 | E8: 0.858811 | F8: 0.473336 | G8: 0.914045 | H8: 0.461919
A9: Excluding 2018-19 Q4 | B9: 46 | C9: 0.122484 | D9: 0.764115 | E9: 0.780319 | F9: 0.443097 | G9: 0.874137 | H9: 0.349977

Sheet Chow_Tests
A1: Chow tests for a structural break in the WPI-deflator relationship
A2: WPI-only model, built from residual sums of squares as in the original script.
A4: Break date | B4: F | C4: p-value | D4: WPI slope before (s.e.) | E4: WPI slope after (s.e.)
A5: 2016-17 Q1 (n1=9) | B5: 2.91012 | C5: 0.0652639 | D5: 0.41 (0.07) | E5: 0.49 (0.05)
A6: 2020-21 Q1 (n1=25) | B6: 0.525302 | C6: 0.595123 | D6: 0.37 (0.10) | E6: 0.47 (0.05)

Sheet Relative_Importance
A1: Which regressor explains more? LMG split of R-squared and bootstrap intervals
A4: Regressor | B4: R2_alone | C4: LMG_share_of_R2 | D4: standardised_beta | E4: R2_alone_boot_lo95 | F4: R2_alone_boot_hi95
A5: CPI | B5: 0.156412 | C5: 0.13023 | D5: 0.196585 | E5: 0.0148921 | F5: 0.347369
A6: WPI | B6: 0.70328 | C6: 0.86977 | D6: 0.789063 | E6: 0.492678 | F6: 0.85509

Sheet Unit_Roots_Cointegration
A1: Unit-root and cointegration tests (exploratory, 47 observations)
A2: ADF null: unit root. KPSS null: stationarity (p-values truncated at 0.10).
A4: series | B4: ADF_p_level | C4: KPSS_p_level | D4: ADF_p_first_diff
A5: defl | B5: 0.211805 | C5: 0.1 | D5: 0.151626
A6: cpi | B6: 0.551461 | C6: 0.1 | D6: 7.28515e-05
A7: wpi | B7: 0.336249 | C7: 0.1 | D7: 0.229948
A9: Johansen trace and max-eigenvalue tests by lag length (k_ar_diff)
A10: k_ar_diff | B10: trace_r0 | C10: crit95_r0 | D10: trace_r1 | E10: crit95_r1 | F10: maxeig_r0 | G10: maxeig_crit95_r0
A11: 1 | B11: 34.5563 | C11: 29.7961 | D11: 13.918 | E11: 15.4943 | F11: 20.6383 | G11: 21.1314
A12: 2 | B12: 41.7734 | C12: 29.7961 | D12: 19.1655 | E12: 15.4943 | F12: 22.6079 | G12: 21.1314
A13: 3 | B13: 27.0972 | C13: 29.7961 | D13: 14.2023 | E13: 15.4943 | F13: 12.8949 | G13: 21.1314
A15: Engle-Granger p-values: deflator on WPI = 0.0001; deflator on CPI = 0.349; deflator on CPI and WPI = 0.00008

Sheet VAR_Granger
A1: Granger-causality tests in the deflator equation, by VAR lag length (p-values)
A2: VAR on annualised quarter-on-quarter seasonally adjusted rates with a COVID dummy (2020-21 Q1 and Q2). Only 3 lags give white residuals.
A4: lags | B4: nobs | C4: whiteness8_p | D4: stable | E4: WPI_to_defl_p | F4: CPI_to_defl_p | G4: defl_to_WPI_p | H4: defl_to_CPI_p
A5: 1 | B5: 49 | C5: 0.00198906 | D5: =TRUE() -> TRUE | E5: 0.0282454 | F5: 0.405025 | G5: 0.8511 | H5: 0.188111
A6: 2 | B6: 48 | C6: 0.000970358 | D6: =TRUE() -> TRUE | E6: 0.142714 | F6: 0.561108 | G6: 0.482297 | H6: 0.437358
A7: 3 | B7: 47 | C7: 0.146721 | D7: =TRUE() -> TRUE | E7: 0.000953297 | F7: 0.500738 | G7: 0.614404 | H7: 0.316002
A8: 4 | B8: 46 | C8: 0.0113624 | D8: =TRUE() -> TRUE | E8: 0.0249707 | F8: 0.601818 | G8: 0.713028 | H8: 0.391747

Sheet VAR_FEVD
A1: Share of deflator forecast-error variance by shock, under four variable orderings
A2: h4 and h12 = 4 and 12 quarters ahead.
A4: ordering | B4: WPI_share_h4 | C4: CPI_share_h4 | D4: own_share_h4 | E4: WPI_share_h12 | F4: CPI_share_h12
A5: wpi > cpi > defl | B5: 0.345676 | C5: 0.0583493 | D5: 0.595974 | E5: 0.287707 | F5: 0.112259
A6: defl > wpi > cpi | B6: 0.165211 | C6: 0.0484833 | D6: 0.786306 | E6: 0.135197 | F6: 0.0943209
A7: cpi > wpi > defl | B7: 0.283695 | C7: 0.120331 | D7: 0.595974 | E7: 0.306476 | F7: 0.0934907
A8: defl > cpi > wpi | B8: 0.0970112 | C8: 0.116683 | D8: 0.786306 | E8: 0.0683479 | F8: 0.16117

Sheet VAR_Data
A1: VAR input series: annualised q/q seasonally adjusted rates (%)
A2: Constructed from the monthly CPI/WPI indices and quarterly GDP in the source workbook.
A4: fiscal_quarter | B4: wpi | C4: cpi | D4: defl | E4: covid
A5: 2013-14 Q1 | B5: 1.16869 | C5: 7.47731 | D5: -14.0497 | E5: 0
A6: 2013-14 Q2 | B6: 11.2761 | C6: 13.097 | D6: 19.2808 | E6: 0
A7: 2013-14 Q3 | B7: 4.64728 | C7: 10.0234 | D7: 4.74196 | E7: 0
A8: 2013-14 Q4 | B8: 3.0266 | C8: 1.591 | D8: 15.4491 | E8: 0
A9: 2014-15 Q1 | B9: 1.38175 | C9: 6.01989 | D9: -19.502 | E9: 0
A10: 2014-15 Q2 | B10: 5.07861 | C10: 8.71423 | D10: 17.0744 | E10: 0
A11: 2014-15 Q3 | B11: -9.76195 | C11: 0.0623968 | D11: -1.6267 | E11: 0
A12: 2014-15 Q4 | B12: -9.72722 | C12: 6.25936 | D12: 8.25491 | E12: 0
A13: 2015-16 Q1 | B13: 2.08455 | C13: 5.33404 | D13: -10.353 | E13: 0
A14: 2015-16 Q2 | B14: -4.95428 | C14: 4.33905 | D14: 10.343 | E14: 0
A15: 2015-16 Q3 | B15: -1.87451 | C15: 5.37738 | D15: -1.1704 | E15: 0
A16: 2015-16 Q4 | B16: -4.1334 | C16: 5.95356 | D16: 9.74166 | E16: 0
... A54: 2025-26 Q2 | B54: 0.5268 | C54: 2.18178 | D54: -7.42521 | E54: 0

Sheet Rolling_Correlation
A1: Rolling 20-quarter correlation with deflator inflation
A4: Period | B4: corr_WPI | C4: corr_CPI
A5: 2018-19 Q3 | B5: 0.821676 | C5: 0.1076
A6: 2018-19 Q4 | B6: 0.60798 | C6: 0.0841891
A7: 2019-20 Q1 | B7: 0.576869 | C7: -0.0477476
A8: 2019-20 Q2 | B8: 0.532465 | C8: -0.0906842
A9: 2019-20 Q3 | B9: 0.529562 | C9: -0.126265
A10: 2019-20 Q4 | B10: 0.493649 | C10: -0.00885322
A11: 2020-21 Q1 | B11: 0.543729 | C11: -0.0540212
A12: 2020-21 Q2 | B12: 0.539733 | C12: -0.0638687
A13: 2020-21 Q3 | B13: 0.519399 | C13: 0.014542
A14: 2020-21 Q4 | B14: 0.583812 | C14: 0.0575687
A15: 2021-22 Q1 | B15: 0.69846 | C15: 0.13724
A16: 2021-22 Q2 | B16: 0.74155 | C16: 0.183772
... A32: 2025-26 Q2 | B32: 0.914659 | C32: 0.56467

Sheet Lead_Lag
A1: Cross-correlation of deflator inflation with WPI and CPI at different leads and lags
A2: k > 0: deflator at t against the indicator at t-k.
A4: k | B4: corr(defl_t, wpi_{t-k}) | C4: corr(defl_t, cpi_{t-k})
A5: -4 | B5: 0.239763 | C5: 0.228713
A6: -3 | B6: 0.48727 | C6: 0.18194
A7: -2 | B7: 0.675668 | C7: 0.230531
A8: -1 | B8: 0.795145 | C8: 0.268685
A9: 0 | B9: 0.838618 | C9: 0.39549
A10: 1 | B10: 0.639599 | C10: 0.308377
A11: 2 | B11: 0.428707 | C11: 0.168911
A12: 3 | B12: 0.20242 | C12: 0.0920724
A13: 4 | B13: 0.042753 | C13: 0.108481

Sheet GDP_Levels
A1: Quarterly GDP levels and price indices used to construct the deflator
A2: Deflator = nominal GDP / real GDP x 100. Units as in the source workbook.
A4: Period | B4: Real GDP | C4: Nominal GDP | D4: cpi | E4: wpi | F4: defl
A5: 2011-12 Q1 | B5: 2102860 | C5: 2043500 | F5: 97.1769
A6: 2011-12 Q2 | B6: 2042870 | C6: 2029470 | F6: 99.344
A7: 2011-12 Q3 | B7: 2225140 | C7: 2244850 | F7: 100.886
A8: 2011-12 Q4 | B8: 2365460 | C8: 2418510 | F8: 102.243
A9: 2012-13 Q1 | B9: 2205220 | C9: 2313200 | F9: 104.897
A10: 2012-13 Q2 | B10: 2195950 | C10: 2356950 | F10: 107.332
A11: 2012-13 Q3 | B11: 2344770 | C11: 2548380 | F11: 108.684
A12: 2012-13 Q4 | B12: 2467080 | C12: 2725480 | D12: 105.133 | E12: 108.333 | F12: 110.474
A13: 2013-14 Q1 | B13: 2347400 | C13: 2565370 | D13: 107.433 | E13: 109.1 | F13: 109.286
A14: 2013-14 Q2 | B14: 2357080 | C14: 2686200 | D14: 112.367 | E14: 112.8 | F14: 113.963
A15: 2013-14 Q3 | B15: 2498000 | C15: 2921070 | D15: 115.2 | E15: 114.1 | F15: 116.936
A16: 2013-14 Q4 | B16: 2598900 | C16: 3060870 | D16: 113.8 | E16: 113.833 | F16: 117.776
A17: 2014-15 Q1 | B17: 2535750 | C17: 2914390 | D17: 115.867 | E17: 114.7 | F17: 114.932
A18: 2014-15 Q2 | B18: 2562240 | C18: 3053980 | D18: 119.867 | E18: 116.767 | F18: 119.192
A19: 2014-15 Q3 | B19: 2645950 | C19: 3184920 | D19: 119.867 | E19: 113.933 | F19: 120.37
A20: 2014-15 Q4 | B20: 2783730 | C20: 3314670 | D20: 119.8 | E20: 110.1 | F20: 119.073
A21: 2015-16 Q1 | B21: 2728280 | C21: 3243540 | D21: 121.767 | E21: 111.133 | F21: 118.886
A22: 2015-16 Q2 | B22: 2768090 | C22: 3355880 | D22: 124.6 | E22: 110.333 | F22: 121.235
A23: 2015-16 Q3 | B23: 2836390 | C23: 3476630 | D23: 126.267 | E23: 109.8 | F23: 122.573
... A62: 2025-26 Q2 | B62: 4863340 | C62: 8525070 | D62: 196.7 | E62: 154.867 | F62: 175.292
